{
  "ts": "2026-03-04T04:35:33.264784",
  "total": 9991,
  "schema_pass_rate": 1.0,
  "title_unique_rate": 0.15413872485236713,
  "title_duplicate_count": 1192,
  "archetype_balance_ratio": 1.0025062656641603,
  "tension_valid_count": 9991
}